　Moonfall,magnet:?xt=urn:btih:1726efb9a02bccb3dc7654917066a7e9bb1dace9&dn=[电影天堂www.dytt89.com]月球陨落-2022_BD中英双字.mp4&tr=http://t.t789.me:2710/announce&tr=http://t.t789.co:2710/announce&tr=http://t.t789.vip:2710/announce
　狙击手,magnet:?xt=urn:btih:a01f9994f1ac1fb291f81c087303f401ff3e3549&dn=[电影天堂www.dytt89.com]狙击手-2022_HD国语中字.mp4&tr=http://t.t789.me:2710/announce&tr=http://t.t789.co:2710/announce&tr=http://t.t789.vip:2710/announce
　The Gentlemen,magnet:?xt=urn:btih:0b155b7fdef9902451a79585655453cd5c91818f&dn=[电影天堂www.dytt89.com]绅士们-2019_蓝光中英双字.mp4&tr=http://t.t789.me:2710/announce&tr=http://t.t789.co:2710/announce&tr=http://t.t789.vip:2710/announce
　Turning Red,magnet:?xt=urn:btih:5908b977988389398fb17a6bf31a6769042a1d22&dn=[电影天堂www.dytt89.com]青春变形记-2022_BD国粤英三语中字.mp4&tr=http://t.t789.me:2710/announce&tr=http://t.t789.co:2710/announce&tr=http://t.t789.vip:2710/announce
　The Matrix Resurrections,magnet:?xt=urn:btih:5c66408604ec70cde0b89c1dd0a96587bf3b8db3&dn=[电影天堂www.dytt89.com]黑客帝国：矩阵重启-2021_蓝光国英双语中英双字V3.mp4&tr=http://t.t789.me:2710/announce&tr=http://t.t789.co:2710/announce&tr=http://t.t789.vip:2710/announce
　小虎墩大英雄,magnet:?xt=urn:btih:13fe89d507cb4868bc32d67d6ab3f237cdc74a7d&dn=[电影天堂www.dytt89.com]小虎墩大英雄-2022_HD国语中字.mp4&tr=http://t.t789.me:2710/announce&tr=http://t.t789.co:2710/announce&tr=http://t.t789.vip:2710/announce
　Spider-Man: No Way Home,magnet:?xt=urn:btih:a3e2204195d62cac648db9faa7b56952f41982ad&dn=[电影天堂www.dytt89.com]蜘蛛侠：英雄无归-2021_蓝光中英双字.mp4&tr=http://t.t789.me:2710/announce&tr=http://t.t789.co:2710/announce&tr=http://t.t789.vip:2710/announce
　G�L暴,magnet:?xt=urn:btih:3eecff859929a7a8993f31f2b733a2c30cf9b685&dn=[电影天堂www.dytt89.com]反贪风暴5：最终章-2021_HD国粤双语中字.mp4&tr=http://t.t789.me:2710/announce&tr=http://t.t789.co:2710/announce&tr=http://t.t789.vip:2710/announce
　The King&#39;s Man,magnet:?xt=urn:btih:3617dce681ac1cb876ed3035c7469a04b1412173&dn=[电影天堂www.dytt89.com]王牌特工：源起-2021_蓝光特效中英双字.mp4&tr=http://t.t789.me:2710/announce&tr=http://t.t789.co:2710/announce&tr=http://t.t789.vip:2710/announce
　穿过寒冬拥抱你,magnet:?xt=urn:btih:3cf8e705c73844f2531cc33fa3186ab03d38113a&dn=[电影天堂www.dytt89.com]穿过寒冬拥抱你-2021_HD国语中字.mp4&tr=http://t.t789.me:2710/announce&tr=http://t.t789.co:2710/announce&tr=http://t.t789.vip:2710/announce
　雄狮少年,magnet:?xt=urn:btih:fd27b009424a20aec93312d4822de0bdc9434550&dn=[电影天堂www.dytt89.com]雄狮少年-2021_HD国粤双语中字.mp4&tr=http://t.t789.me:2710/announce&tr=http://t.t789.co:2710/announce&tr=http://t.t789.vip:2710/announce
　误杀2,magnet:?xt=urn:btih:5d71492d91b544db9411eae4852d5c035fbc1de7&dn=[电影天堂www.dytt89.com]误杀2-2021_4K国语中字.mp4&tr=http://t.t789.me:2710/announce&tr=http://t.t789.co:2710/announce&tr=http://t.t789.vip:2710/announce
　李茂扮太子,magnet:?xt=urn:btih:f7a706fb54e5b943d624032f4b6073a42edb04d1&dn=[电影天堂www.dytt89.com]李茂扮太子-2022_HD国语中字.mp4&tr=http://t.t789.me:2710/announce&tr=http://t.t789.co:2710/announce&tr=http://t.t789.vip:2710/announce
　长津湖,magnet:?xt=urn:btih:4f78bc55dcf229507a3a953228f667e240ac18fc&dn=[电影天堂www.dytt89.com]长津湖-2021_蓝光国语中字.mp4&tr=http://t.t789.me:2710/announce&tr=http://t.t789.co:2710/announce&tr=http://t.t789.vip:2710/announce
　扬名立万,magnet:?xt=urn:btih:ae1a9d16ade67b2b2ddccac7304991a8cce4f9a3&dn=[电影天堂www.dytt89.com]扬名立万-2021_HD国语中字.mp4&tr=http://t.t789.me:2710/announce&tr=http://t.t789.co:2710/announce&tr=http://t.t789.vip:2710/announce
